date,cases,ww_mean,ww_smooth,pct_mean,pos_lag1,cases_lag1,cases_lag2,week_num,Lineage_other,Lineage_B.1.1.7,Lineage_B.1.351,Lineage_P.1,Lineage_B.1.617.2,Lineage_BA.1,Lineage_BA.2,Lineage_BA.2.12.1,Lineage_BA.4,Lineage_BA.5,Lineage_BQ.1,Lineage_BA.2.75,Lineage_XBB,Lineage_XBB.1.5,Lineage_XBB.1.9,Lineage_XBF,Lineage_XBB.1.16,Lineage_EG.5,Lineage_BA.2.86,Lineage_JN.1,Lineage_KP.2,Lineage_KP.3,Lineage_XEC,Lineage_NB.1.8.1,Lineage_LP.8.1,Lineage_XFG,Lineage_BA.3.2,wastewater_change,positivity_change,top_lineage,top_lineage_pct,top_lineage_pct_change,llm_forecast_1,llm_forecast_2,llm_forecast_3,llm_ci_lower_1,llm_ci_upper_1,llm_ci_lower_2,llm_ci_upper_2,llm_ci_lower_3,llm_ci_upper_3,llm_category_1,llm_category_2,llm_category_3,llm_explanation
2023-10-01,316,597,533.666666666667,1.01,0.94,,,1,0.0,0,0,0,0,0,0.0,0,0,0.0,0.0,0.0,0.0,0.0,0.0,0,0.0,0.0,0.0,0.0,0.0,0.0,0.0,0.0,0.0,0.0,0.0,,,Lineage_other,0.0,,,,,,,,,,,,,,
2023-10-08,348,574,563.0,1.12,1.01,316.0,,2,0.0,0,0,0,0,0,0.0,0,0,0.0,0.0,0.0,0.0,0.0,0.0,0,0.0,0.0,0.0,0.0,0.0,0.0,0.0,0.0,0.0,0.0,0.0,-0.038525963149078746,0.10891089108910901,Lineage_other,0.0,,,,,,,,,,,,,,
2023-10-15,355,598,589.666666666667,1.24,1.12,348.0,316.0,3,0.0,0,0,0,0,0,0.0,0,0,0.0,0.0,0.0,0.0,0.0,0.0,0,0.0,0.0,0.0,0.0,0.0,0.0,0.0,0.0,0.0,0.0,0.0,0.04181184668989557,0.10714285714285698,Lineage_other,0.0,,,,,,,,,,,,,,
2023-10-22,543,820,664.0,1.26,1.24,355.0,348.0,4,4.2525,0,0,0,0,0,0.175,0,0,0.195,0.065,1.55,10.015,10.5375,9.44,0,10.3675,46.43,5.1425,1.77,0.0,0.065,0.0,0.0,0.0,0.0,0.0,0.3712374581939799,0.016129032258064502,Lineage_EG.5,46.43,inf,,,,,,,,,,,,,
2023-10-29,565,1096,838.0,1.54,1.26,543.0,355.0,5,4.05,0,0,0,0,0,0.15,0,0,0.13,0.065,1.1525,9.81,10.535,9.17,0,9.5975,45.045,6.7975,3.5075,0.0,0.0,0.0,0.0,0.0,0.0,0.0,0.3365853658536586,0.22222222222222232,Lineage_EG.5,45.045,-0.029829851389188033,,,,,,,,,,,,,
2023-11-05,567,1130,1015.33333333333,1.82,1.54,565.0,543.0,6,3.9875,0,0,0,0,0,0.15,0,0,0.13,0.0,1.0875,7.98,10.715,8.765,0,7.8775,44.5425,8.535,6.2375,0.0,0.0,0.0,0.0,0.0,0.0,0.0,0.031021897810219023,0.18181818181818188,Lineage_EG.5,44.5425,-0.011155511155511277,,,,,,,,,,,,,
2023-11-12,547,1456,1227.33333333333,1.95,1.82,567.0,565.0,7,3.3675,0,0,0,0,0,0.1675,0,0,0.0,0.0,1.0175,7.0225,9.9025,7.2725,0,6.9375,42.25,10.9875,11.09,0.0,0.0,0.0,0.0,0.0,0.0,0.0,0.28849557522123903,0.0714285714285714,Lineage_EG.5,42.25,-0.05146769938822471,,,,,,,,,,,,,
2023-11-19,479,1743,1443.0,2.15,1.95,547.0,567.0,8,3.4475,0,0,0,0,0,0.195,0,0,0.0,0.0,0.7825,6.05,9.5675,6.095,0,5.695,37.065,12.55,18.56,0.0,0.0,0.0,0.0,0.0,0.0,0.0,0.19711538461538458,0.10256410256410264,Lineage_EG.5,37.065,-0.12272189349112428,,,,,,,,,,,,,
2023-11-26,615,2269,1822.66666666667,2.38,2.15,479.0,547.0,9,3.0225,0,0,0,0,0,0.155,0,0,0.0,0.0,0.53,4.5925,8.9125,4.9975,0,4.205,30.8775,14.0625,28.65,0.0,0.0,0.0,0.0,0.0,0.0,0.0,0.30177854274239824,0.10697674418604652,Lineage_EG.5,30.8775,-0.16693646297045717,,,,,,,,,,,,,
2023-12-03,857,3713,2575.0,3.14,2.38,615.0,479.0,10,2.805,0,0,0,0,0,0.215,0,0,0.0,0.0,0.33,3.2125,8.0875,3.8375,0,2.86,23.985,14.98,39.6925,0.0,0.0,0.0,0.0,0.0,0.0,0.0,0.6364037020713971,0.3193277310924372,Lineage_JN.1,39.6925,0.3854275741710298,,,,,,,,,,,,,
2023-12-10,945,4176,3386.0,3.57,3.14,857.0,615.0,11,2.5825,0,0,0,0,0,0.165,0,0,0.0,0.0,0.2375,2.58,6.035,2.725,0,1.78,17.725,14.2475,51.9175,0.0,0.0,0.0,0.0,0.0,0.0,0.0,0.1246970105036358,0.13694267515923553,Lineage_JN.1,51.9175,0.30799269383384753,,,,,,,,,,,,,
2023-12-17,929,4343,4077.33333333333,3.41,3.57,945.0,857.0,12,2.2375,0,0,0,0,0,0.1425,0,0,0.0,0.0,0.165,1.6725,3.9325,1.9875,0,1.1525,11.975,13.8825,62.85,0.0,0.0,0.0,0.0,0.0,0.0,0.0,0.039990421455938785,-0.0448179271708683,Lineage_JN.1,62.85,0.21057446910964517,,,,,,,,,,,,,
2023-12-24,767,2686,3735.0,2.6,3.41,929.0,945.0,13,1.7875,0,0,0,0,0,0.1425,0,0,0.0,0.0,0.0925,1.22,2.475,1.0525,0,0.7725,7.955,12.505,71.9975,0.0,0.0,0.0,0.0,0.0,0.0,0.0,-0.3815335021874281,-0.2375366568914956,Lineage_JN.1,71.9975,0.1455449482895783,,,,,,,,,,,,,
2023-12-31,537,1555,2861.33333333333,1.96,2.6,767.0,929.0,14,1.195,0,0,0,0,0,0.0825,0,0,0.0,0.0,0.1325,0.7375,1.2775,0.6825,0,0.47,5.385,10.57,79.365,0.0,0.1,0.0,0.0,0.0,0.0,0.0,-0.42107222635889796,-0.24615384615384617,Lineage_JN.1,79.365,0.10232994201187529,,,,,,,,,,,,,
2024-01-07,383,868,1703.0,0.85,1.96,537.0,767.0,15,0.9425,0,0,0,0,0,0.195,0,0,0.0,0.0,0.1,0.1725,0.9575,0.495,0,0.27,4.4275,8.23,84.1125,0.0,0.1,0.0,0.0,0.0,0.0,0.0,-0.44180064308681677,-0.5663265306122449,Lineage_JN.1,84.1125,0.05981855981855988,,,,,,,,,,,,,
2024-01-14,303,617,1013.33333333333,0.65,0.85,383.0,537.0,16,0.55,0,0,0,0,0,0.145,0,0,0.0,0.0,0.1,0.3375,0.3675,0.3475,0,0.1225,3.38,7.0025,87.55,0.0,0.1,0.0,0.0,0.0,0.0,0.0,-0.2891705069124424,-0.23529411764705876,Lineage_JN.1,87.55,0.040867885272700244,,,,,,,,,,,,,
2024-01-21,290,630,705.0,0.69,0.65,303.0,383.0,17,0.8325,0,0,0,0,0,0.145,0,0,0.0,0.0,0.1,0.215,0.54,0.3475,0,0.0,2.4075,6.5175,88.795,0.0,0.1,0.0,0.0,0.0,0.0,0.0,0.021069692058346856,0.06153846153846132,Lineage_JN.1,88.795,0.01422044545973744,,,,,,,,,,,,,
2024-01-28,244,487,578.0,0.49,0.69,290.0,303.0,18,1.125,0,0,0,0,0,0.145,0,0,0.0,0.0,0.0,0.4125,0.6375,0.145,0,0.0,1.8875,5.88,89.5725,0.0,0.1975,0.0,0.0,0.0,0.0,0.0,-0.22698412698412695,-0.28985507246376807,Lineage_JN.1,89.5725,0.008756123655611292,,,,,,,,,,,,,
2024-02-04,201,354,490.333333333333,0.35,0.49,244.0,290.0,19,1.665,0,0,0,0,0,0.0,0,0,0.0,0.0,0.3425,0.755,0.835,0.0,0,0.0,1.3625,6.2375,88.605,0.0,0.1975,0.0,0.0,0.0,0.0,0.0,-0.2731006160164271,-0.2857142857142857,Lineage_JN.1,88.605,-0.010801306204471284,,,,,,,,,,,,,
2024-02-11,154,207,349.333333333333,0.23,0.35,201.0,244.0,20,2.1025,0,0,0,0,0,0.0,0,0,0.0,0.0,0.3425,0.9775,0.835,0.0,0,0.0,1.37,4.95,89.22,0.0,0.1975,0.0,0.0,0.0,0.0,0.0,-0.4152542372881356,-0.34285714285714275,Lineage_JN.1,89.22,0.006940917555442683,,,,,,,,,,,,,
2024-02-18,133,144,235.0,0.1,0.23,154.0,201.0,21,2.0475,0,0,0,0,0,0.0,0,0,0.0,0.0,0.3425,0.9775,1.0725,0.0,0,0.0,1.37,3.7175,90.2725,0.0,0.1975,0.0,0.0,0.0,0.0,0.0,-0.30434782608695654,-0.5652173913043479,Lineage_JN.1,90.2725,0.011796682358215627,,,,,,,,,,,,,
2024-02-25,98,94,148.333333333333,0.15,0.1,133.0,154.0,22,2.2375,0,0,0,0,0,0.0,0,0,0.0,0.0,0.3425,0.78,0.875,0.0,0,0.0,0.78,5.2475,89.7375,0.0,0.0,0.0,0.0,0.0,0.0,0.0,-0.3472222222222222,0.4999999999999998,Lineage_JN.1,89.7375,-0.005926500318480077,,,,,,,,,,,,,
2024-03-03,107,133,123.666666666667,0.12,0.15,98.0,133.0,23,3.22,0,0,0,0,0,0.0,0,0,0.0,0.0,0.0,0.4375,0.5325,0.0,0,0.0,0.4375,3.8775,90.6625,0.8325,0.0,0.0,0.0,0.0,0.0,0.0,0.4148936170212767,-0.19999999999999996,Lineage_JN.1,90.6625,0.010307842317871518,,,,,,,,,,,,,
2024-03-10,55,105,110.666666666667,0.11,0.12,107.0,98.0,24,4.925,0,0,0,0,0,0.0,0,0,0.0,0.0,0.0,0.0,0.5325,0.0,0,0.0,0.0,3.44,90.275,0.8325,0.0,0.0,0.0,0.0,0.0,0.0,-0.21052631578947367,-0.08333333333333326,Lineage_JN.1,90.275,-0.004274093478560448,,,,,,,,,,,,,
2024-03-17,51,83,107.0,0.1,0.11,55.0,107.0,25,5.85666666666667,0,0,0,0,0,0.0,0,0,0.0,0.0,0.0,0.0,0.0,0.0,0,0.0,0.0,3.87666666666667,89.16,1.11,0.0,0.0,0.0,0.0,0.0,0.0,-0.20952380952380956,-0.09090909090909083,Lineage_JN.1,89.16,-0.012351149266131345,,,,,,,,,,,,,
2024-03-24,66,114,100.666666666667,0.13,0.1,51.0,55.0,26,8.02,0,0,0,0,0,0.98,0,0,0.0,0.0,0.0,0.0,0.0,0.0,0,0.0,0.0,1.96,87.9266666666667,1.11,0.0,0.0,0.0,0.0,0.0,0.0,0.37349397590361444,0.30000000000000004,Lineage_JN.1,87.9266666666667,-0.013832809929713918,,,,,,,,,,,,,
2024-03-31,53,73,90.0,0.07,0.13,66.0,51.0,27,8.82666666666667,0,0,0,0,0,0.98,0,0,0.0,0.0,0.0,0.0,0.0,0.0,0,0.0,1.01,2.97,83.18,3.03,0.0,0.0,0.0,0.0,0.0,0.0,-0.35964912280701755,-0.46153846153846145,Lineage_JN.1,83.18,-0.05398438092349722,,,,,,,,,,,,,
2024-04-07,28,72,86.3333333333333,0.06,0.07,53.0,66.0,28,8.955,0,0,0,0,0,1.47,0,0,0.0,0.0,0.0,0.0,0.0,0.0,0,0.0,1.515,4.455,79.055,4.545,0.0,0.0,0.0,0.0,0.0,0.0,-0.013698630136986356,-0.14285714285714302,Lineage_JN.1,79.055,-0.0495912478961289,,,,,,,,,,,,,
2024-04-14,30,86,77.0,0.04,0.06,28.0,53.0,29,8.955,0,0,0,0,0,1.47,0,0,0.0,0.0,0.0,0.0,0.0,0.0,0,0.0,1.515,4.455,79.055,4.545,0.0,0.0,0.0,0.0,0.0,0.0,0.19444444444444442,-0.33333333333333326,Lineage_JN.1,79.055,0.0,,,,,,,,,,,,,
2024-04-21,47,122,93.3333333333333,0.08,0.04,30.0,28.0,30,9.09,0,0,0,0,0,0.0,0,0,0.0,0.0,0.0,0.0,0.0,0.0,0,0.0,3.03,3.03,75.76,9.09,0.0,0.0,0.0,0.0,0.0,0.0,0.4186046511627908,1.0,Lineage_JN.1,75.76,-0.04167984314717599,,,,,,,,,,,,,
2024-04-28,40,140,116.0,0.11,0.08,47.0,30.0,31,0.0,0,0,0,0,0,0.0,0,0,0.0,0.0,0.0,0.0,0.0,0.0,0,0.0,0.0,0.0,77.78,18.52,3.7,0.0,0.0,0.0,0.0,0.0,0.14754098360655732,0.375,Lineage_JN.1,77.78,0.026663146779303037,,,,,,,,,,,,,
2024-05-05,39,109,123.666666666667,0.12,0.11,40.0,47.0,32,0.0,0,0,0,0,0,0.0,0,0,0.0,0.0,0.0,0.0,0.0,0.0,0,0.0,0.0,0.0,77.78,18.52,3.7,0.0,0.0,0.0,0.0,0.0,-0.22142857142857142,0.09090909090909083,Lineage_JN.1,77.78,0.0,,,,,,,,,,,,,
2024-05-12,48,151,133.333333333333,0.09,0.12,39.0,40.0,33,0.0,0,0,0,0,0,0.0,0,0,0.0,0.0,0.0,0.0,0.0,0.0,0,0.0,0.0,0.0,77.78,18.52,3.7,0.0,0.0,0.0,0.0,0.0,0.3853211009174311,-0.25,Lineage_JN.1,77.78,0.0,,,,,,,,,,,,,
2024-05-19,43,157,139.0,0.16,0.09,48.0,39.0,34,4.545,0,0,0,0,0,0.0,0,0,0.0,0.0,0.0,0.0,0.0,0.0,0,0.0,0.0,0.0,66.165,19.865,9.425,0.0,0.0,0.0,0.0,0.0,0.039735099337748325,0.7777777777777779,Lineage_JN.1,66.165,-0.1493314476729236,,,,,,,,,,,,,
2024-05-26,55,224,177.333333333333,0.29,0.16,43.0,48.0,35,7.445,0,0,0,0,0,0.0,0,0,0.0,0.0,0.0,0.0,0.0,0.0,0,0.0,0.0,0.0,54.81,19.3,18.445,0.0,0.0,0.0,0.0,0.0,0.4267515923566878,0.8124999999999998,Lineage_JN.1,54.81,-0.17161641351167545,,,,,,,,,,,,,
2024-06-02,61,280,220.333333333333,0.35,0.29,55.0,43.0,36,4.96333333333333,0,0,0,0,0,0.0,0,0,0.0,0.0,0.0,0.0,0.0,0.0,0,0.0,0.0,0.0,50.8266666666667,17.9933333333333,26.2166666666667,0.0,0.0,0.0,0.0,0.0,0.25,0.2068965517241379,Lineage_JN.1,50.8266666666667,-0.07267530256035937,,,,,,,,,,,,,
2024-06-09,127,532,345.333333333333,0.47,0.35,61.0,55.0,37,4.095,0,0,0,0,0,0.0,0,0,0.0,0.0,0.0,0.0,0.0,0.0,0,0.0,0.0,0.0,46.1425,18.72,31.0425,0.0,0.0,0.0,0.0,0.0,0.8999999999999999,0.34285714285714297,Lineage_JN.1,46.1425,-0.0921596274921308,,,,,,,,,,,,,
2024-06-16,193,737,516.333333333333,0.95,0.47,127.0,61.0,38,2.3125,0,0,0,0,0,0.0,0,0,0.0,0.0,0.0,0.0,0.0,0.0,0,0.0,0.0,0.0,39.565,18.025,40.0975,0.0,0.0,0.0,0.0,0.0,0.38533834586466176,1.021276595744681,Lineage_KP.3,40.0975,0.2916968671981959,,,,,,,,,,,,,
2024-06-23,246,794,687.666666666667,1.33,0.95,193.0,127.0,39,1.23,0,0,0,0,0,0.0,0,0,0.0,0.0,0.0,0.0,0.0,0.0,0,0.0,0.0925,0.0925,33.3075,18.2575,47.025,0.0,0.0,0.0,0.0,0.0,0.07734056987788329,0.40000000000000013,Lineage_KP.3,47.025,0.1727663819440115,,,,,,,,,,,,,
2024-06-30,258,953,828.0,1.07,1.33,246.0,193.0,40,1.9625,0,0,0,0,0,0.0,0,0,0.0,0.0,0.0,0.0,0.0,0.0,0,0.0,0.0925,0.0925,29.185,17.525,51.055,0.0925,0.0,0.0,0.0,0.0,0.20025188916876568,-0.19548872180451127,Lineage_KP.3,51.055,0.08569909622541205,,,,,,,,,,,,,
2024-07-07,354,1157,968.0,1.26,1.07,258.0,246.0,41,1.9225,0,0,0,0,0,0.0,0,0,0.0,0.0,0.0,0.0,0.0,0.0,0,0.0,0.0925,0.0925,26.23,16.0375,55.54,0.0925,0.0,0.0,0.0,0.0,0.21406086044071349,0.17757009345794383,Lineage_KP.3,55.54,0.08784644011360299,,,,,,,,,,,,,
2024-07-14,349,1192,1100.66666666667,1.61,1.26,354.0,258.0,42,1.56,0,0,0,0,0,0.0,0,0,0.0,0.0,0.0,0.0,0.0,0.0,0,0.0,0.0925,0.1575,23.315,14.62,59.98,0.285,0.0,0.0,0.0,0.0,0.030250648228176358,0.2777777777777779,Lineage_KP.3,59.98,0.07994238386748287,,,,,,,,,,,,,
2024-07-21,359,1049,1132.66666666667,1.68,1.61,349.0,354.0,43,1.55,0,0,0,0,0,0.0,0,0,0.0,0.0,0.0,0.0,0.0,0.0,0,0.0,0.0,0.065,19.305,11.255,67.3325,0.5,0.0,0.0,0.0,0.0,-0.11996644295302017,0.04347826086956519,Lineage_KP.3,67.3325,0.12258252750916965,,,,,,,,,,,,,
2024-07-28,336,926,1055.66666666667,1.22,1.68,359.0,349.0,44,1.03,0,0,0,0,0,0.0,0,0,0.0,0.0,0.0,0.0,0.0,0.0,0,0.0,0.0,0.065,16.845,10.3675,70.9775,0.725,0.0,0.0,0.0,0.0,-0.11725452812202097,-0.27380952380952384,Lineage_KP.3,70.9775,0.05413433334570983,,,,,,,,,,,,,
2024-08-04,271,583,852.666666666667,0.78,1.22,336.0,359.0,45,1.155,0,0,0,0,0,0.0,0,0,0.0,0.0,0.0,0.0,0.0,0.0,0,0.0,0.0,0.065,14.675,8.0025,74.015,2.0975,0.0,0.0,0.0,0.0,-0.37041036717062636,-0.360655737704918,Lineage_KP.3,74.015,0.04279525201648404,,,,,,,,,,,,,
2024-08-11,194,586,698.333333333333,0.84,0.78,271.0,336.0,46,1.4925,0,0,0,0,0,0.0,0,0,0.0,0.0,0.0,0.0,0.0,0.0,0,0.0,0.0,0.0,12.86,7.2975,75.5225,2.8375,0.0,0.0,0.0,0.0,0.005145797598627766,0.07692307692307687,Lineage_KP.3,75.5225,0.020367493075727827,,,,,,,,,,,,,
2024-08-18,185,549,572.666666666667,0.7,0.84,194.0,271.0,47,1.4025,0,0,0,0,0,0.0,0,0,0.0,0.0,0.0,0.0,0.0,0.0,0,0.0,0.0,0.1325,12.7025,7.955,74.2575,3.5575,0.0,0.0,0.0,0.0,-0.06313993174061439,-0.16666666666666674,Lineage_KP.3,74.2575,-0.01674997517296173,,,,,,,,,,,,,
2024-08-25,200,476,537.0,0.72,0.7,185.0,194.0,48,1.605,0,0,0,0,0,0.0,0,0,0.0,0.0,0.0,0.0,0.0,0.0,0,0.0,0.0,0.1325,11.7475,6.5575,74.0975,5.865,0.0,0.0,0.0,0.0,-0.13296903460837883,0.028571428571428692,Lineage_KP.3,74.0975,-0.00215466451200208,,,,,,,,,,,,,
2024-09-01,261,643,556.0,0.73,0.72,200.0,185.0,49,1.485,0,0,0,0,0,0.0,0,0,0.0,0.0,0.0,0.0,0.0,0.0,0,0.0,0.0,0.1325,13.2225,5.8575,71.5625,7.7425,0.0,0.0,0.0,0.0,0.35084033613445387,0.01388888888888884,Lineage_KP.3,71.5625,-0.03421168055602408,,,,,,,,,,,,,
2024-09-08,201,731,616.666666666667,0.91,0.73,261.0,200.0,50,1.4875,0,0,0,0,0,0.0,0,0,0.0,0.0,0.0,0.0,0.0,0.0,0,0.0,0.0,0.1325,12.995,4.775,68.66,11.95,0.0,0.0,0.0,0.0,0.1368584758942457,0.24657534246575352,Lineage_KP.3,68.66,-0.04055895196506554,,,,,,,,,,,,,
2024-09-15,336,1095,823.0,1.17,0.91,201.0,261.0,51,1.435,0,0,0,0,0,0.0,0,0,0.0,0.0,0.0,0.0,0.0,0.0,0,0.0,0.0,0.0,12.6775,3.7675,65.485,16.635,0.0,0.0,0.0,0.0,0.4979480164158687,0.2857142857142856,Lineage_KP.3,65.485,-0.0462423536265657,,,,,,,,,,,,,
2024-09-22,277,1388,1071.33333333333,1.43,1.17,336.0,201.0,52,1.3675,0,0,0,0,0,0.0,0,0,0.0,0.0,0.0,0.0,0.0,0.0,0,0.0,0.0,0.0,13.3325,3.4625,62.6,19.2375,0.0,0.0,0.0,0.0,0.26757990867579906,0.22222222222222232,Lineage_KP.3,62.6,-0.04405589066198368,,,,,,,,,,,,,
2024-09-29,338,1185,1222.66666666667,1.4,1.43,277.0,336.0,53,1.9225,0,0,0,0,0,0.0,0,0,0.0,0.0,0.0,0.0,0.0,0.0,0,0.0,0.0,0.0,12.035,3.0875,59.4275,23.5275,0.0,0.0,0.0,0.0,-0.14625360230547546,-0.020979020979021046,Lineage_KP.3,59.4275,-0.05067891373801914,,,,,,,,,,,,,
2024-10-06,398,1234,1269.0,1.54,1.4,338.0,277.0,54,2.665,0,0,0,0,0,0.0,0,0,0.0,0.0,0.0,0.0,0.0,0.0,0,0.0,0.0,0.0,12.855,2.19,56.8475,25.445,0.0,0.0,0.0,0.0,0.04135021097046421,0.10000000000000009,Lineage_KP.3,56.8475,-0.04341424424719209,,,,,,,,,,,,,
2024-10-13,368,1030,1149.66666666667,1.3,1.54,398.0,338.0,55,3.4325,0,0,0,0,0,0.0,0,0,0.0,0.0,0.0,0.0,0.0,0.0,0,0.0,0.0,0.0,12.1225,1.87,54.7825,27.795,0.0,0.0,0.0,0.0,-0.1653160453808752,-0.15584415584415579,Lineage_KP.3,54.7825,-0.036325256167817344,,,,,,,,,,,,,
2024-10-20,354,942,1068.66666666667,1.06,1.3,368.0,398.0,56,4.05,0,0,0,0,0,0.0,0,0,0.0,0.0,0.0,0.0,0.0,0.0,0,0.0,0.0,0.0,10.465,1.3475,53.36,30.66,0.0,0.12,0.0,0.0,-0.08543689320388348,-0.18461538461538463,Lineage_KP.3,53.36,-0.0259663213617487,,,,,,,,,,,,,
2024-10-27,296,887,953.0,1.0,1.06,354.0,368.0,57,4.0425,0,0,0,0,0,0.0,0,0,0.0,0.0,0.0,0.0,0.0,0.0,0,0.0,0.0,0.0,10.1675,1.1775,52.285,32.085,0.0,0.2475,0.0,0.0,-0.05838641188959659,-0.05660377358490576,Lineage_KP.3,52.285,-0.0201461769115443,,,,,,,,,,,,,
2024-11-03,234,709,846.0,0.65,1.0,296.0,354.0,58,3.485,0,0,0,0,0,0.0,0,0,0.0,0.0,0.0,0.0,0.0,0.0,0,0.0,0.0,0.0,9.5325,0.6725,50.905,35.1575,0.0,0.2475,0.0,0.0,-0.20067643742953778,-0.35,Lineage_KP.3,50.905,-0.026393803194032617,,,,,,,,,,,,,
2024-11-10,226,583,726.333333333333,0.55,0.65,234.0,296.0,59,4.655,0,0,0,0,0,0.0,0,0,0.0,0.0,0.0,0.0,0.0,0.0,0,0.0,0.0,0.0,11.2125,0.1275,46.47,37.1225,0.0,0.4125,0.0,0.0,-0.17771509167842026,-0.15384615384615385,Lineage_KP.3,46.47,-0.08712307238974559,,,,,,,,,,,,,
2024-11-17,222,457,583.0,0.61,0.55,226.0,234.0,60,5.2,0,0,0,0,0,0.0,0,0,0.0,0.0,0.0,0.0,0.0,0.0,0,0.0,0.0,0.0,12.3925,0.295,40.7075,40.9425,0.0,0.46,0.0,0.0,-0.21612349914236706,0.1090909090909089,Lineage_XEC,40.9425,0.10290255236042833,,,,,,,,,,,,,
2024-11-24,182,414,484.666666666667,0.51,0.61,222.0,226.0,61,4.95,0,0,0,0,0,0.0,0,0,0.0,0.0,0.0,0.0,0.0,0.0,0,0.0,0.0,0.0,14.065,0.38,37.275,42.57,0.0,0.755,0.0,0.0,-0.0940919037199125,-0.16393442622950816,Lineage_XEC,42.57,0.03975087012273315,,,,,,,,,,,,,
2024-12-01,157,380,417.0,0.44,0.51,182.0,222.0,62,5.385,0,0,0,0,0,0.0,0,0,0.0,0.0,0.0,0.0,0.0,0.0,0,0.0,0.0,0.0,14.6025,0.38,34.695,43.745,0.0,1.19,0.0,0.0,-0.08212560386473433,-0.13725490196078427,Lineage_XEC,43.745,0.02760159736903911,,,,,,,,,,,,,
2024-12-08,115,312,368.666666666667,0.37,0.44,157.0,182.0,63,5.92,0,0,0,0,0,0.0,0,0,0.0,0.0,0.0,0.0,0.0,0.0,0,0.0,0.0,0.0,16.8125,0.38,31.0275,44.5625,0.0,1.295,0.0,0.0,-0.17894736842105263,-0.15909090909090906,Lineage_XEC,44.5625,0.018687850040004728,,,,,,,,,,,,,
2024-12-15,127,407,366.333333333333,0.34,0.37,115.0,157.0,64,5.815,0,0,0,0,0,0.0,0,0,0.0,0.0,0.0,0.0,0.0,0.0,0,0.0,0.0,0.0,21.885,0.2125,28.48,41.92,0.0,1.69,0.0,0.0,0.3044871794871795,-0.08108108108108103,Lineage_XEC,41.92,-0.05929873772791017,,,,,,,,,,,,,
2024-12-22,107,332,350.333333333333,0.32,0.34,127.0,115.0,65,5.5975,0,0,0,0,0,0.0,0,0,0.0,0.0,0.0,0.0,0.0,0.0,0,0.0,0.0,0.0,23.2675,0.0,26.0425,42.995,0.0,2.1,0.0,0.0,-0.1842751842751843,-0.05882352941176472,Lineage_XEC,42.995,0.025644083969465603,,,,,,,,,,,,,
2024-12-29,139,346,361.666666666667,0.33,0.32,107.0,127.0,66,5.6825,0,0,0,0,0,0.0,0,0,0.0,0.0,0.0,0.0,0.0,0.0,0,0.0,0.0,0.0,27.865,0.0,23.335,41.065,0.0,2.055,0.0,0.0,0.04216867469879526,0.03125,Lineage_XEC,41.065,-0.04488894057448545,,,,,,,,,,,,,
2025-01-05,113,215,297.666666666667,0.17,0.33,139.0,107.0,67,5.935,0,0,0,0,0,0.0,0,0,0.0,0.0,0.0,0.0,0.0,0.0,0,0.0,0.0,0.0,28.055,0.0,21.66,41.0975,0.0,2.765,0.49,0.0,-0.3786127167630058,-0.48484848484848486,Lineage_XEC,41.0975,0.0007914282235479408,,,,,,,,,,,,,
2025-01-12,78,140,233.666666666667,0.16,0.17,113.0,139.0,68,8.28,0,0,0,0,0,0.0,0,0,0.0,0.0,0.0,0.0,0.0,0.0,0,0.0,0.0,0.0,25.2525,0.0,24.4475,38.0775,0.0,3.4525,0.49,0.0,-0.34883720930232553,-0.05882352941176472,Lineage_XEC,38.0775,-0.07348378855161497,,,,,,,,,,,,,
2025-01-19,88,148,167.666666666667,0.1,0.16,78.0,113.0,69,7.8625,0,0,0,0,0,0.0,0,0,0.0,0.0,0.0,0.0,0.0,0.0,0,0.0,0.0,0.0,24.6525,0.5825,25.755,36.2925,0.0,4.365,0.49,0.0,0.05714285714285716,-0.375,Lineage_XEC,36.2925,-0.04687807760488483,,,,,,,,,,,,,
2025-01-26,83,137,141.666666666667,0.13,0.1,88.0,78.0,70,6.69,0,0,0,0,0,0.0,0,0,0.0,0.0,0.0,0.0,0.0,0.0,0,0.0,0.0,0.0,24.5825,0.5825,24.2625,36.4775,0.0,6.915,0.49,0.0,-0.07432432432432434,0.30000000000000004,Lineage_XEC,36.4775,0.005097471929462083,,,,,,,,,,,,,
2025-02-02,66,92,125.666666666667,0.08,0.13,83.0,88.0,71,5.0,0,0,0,0,0,0.0,0,0,0.0,0.0,0.0,0.0,0.0,0.0,0,0.0,0.0,0.0,24.28,0.776666666666667,27.7733333333333,34.2566666666667,0.0,7.91333333333333,0.0,0.0,-0.3284671532846716,-0.3846153846153846,Lineage_XEC,34.2566666666667,-0.060882279030451514,,,,,,,,,,,,,
2025-02-09,64,85,104.666666666667,0.06,0.08,66.0,83.0,72,1.23333333333333,0,0,0,0,0,0.0,0,0,0.0,0.0,0.0,0.0,0.0,0.0,0,0.0,0.0,0.0,20.4833333333333,0.776666666666667,21.8766666666667,43.2066666666667,0.0,12.42,0.0,0.0,-0.07608695652173914,-0.25,Lineage_XEC,43.2066666666667,0.26126301449839406,,,,,,,,,,,,,
2025-02-16,56,77,84.6666666666667,0.1,0.06,64.0,66.0,73,1.85,0,0,0,0,0,0.0,0,0,0.0,0.0,0.0,0.0,0.0,0.0,0,0.0,0.0,0.0,20.26,0.0,17.7,45.045,0.0,15.14,0.0,0.0,-0.09411764705882353,0.6666666666666667,Lineage_XEC,45.045,0.04254744638173058,,,,,,,,,,,,,
2025-02-23,51,66,76.0,0.14,0.1,56.0,64.0,74,3.7,0,0,0,0,0,0.0,0,0,0.0,0.0,0.0,0.0,0.0,0.0,0,0.0,0.0,0.0,11.11,0.0,14.81,51.85,0.0,18.52,0.0,0.0,-0.1428571428571429,0.40000000000000013,Lineage_XEC,51.85,0.1510711510711511,,,,,,,,,,,,,
2025-03-02,52,73,72.0,0.09,0.14,51.0,56.0,75,3.7,0,0,0,0,0,0.0,0,0,0.0,0.0,0.0,0.0,0.0,0.0,0,0.0,0.0,0.0,11.11,0.0,14.81,51.85,0.0,18.52,0.0,0.0,0.10606060606060597,-0.3571428571428572,Lineage_XEC,51.85,0.0,,,,,,,,,,,,,
2025-03-09,33,87,75.3333333333333,0.04,0.09,52.0,51.0,76,0.0,0,0,0,0,0,0.0,0,0,0.0,0.0,0.0,0.0,0.0,0.0,0,0.0,0.0,0.0,0.0,0.0,0.0,0.0,0.0,0.0,0.0,0.0,0.19178082191780832,-0.5555555555555556,Lineage_other,0.0,-1.0,,,,,,,,,,,,,
2025-03-16,42,117,92.3333333333333,0.14,0.04,33.0,52.0,77,0.0,0,0,0,0,0,0.0,0,0,0.0,0.0,0.0,0.0,0.0,0.0,0,0.0,0.0,0.0,0.0,0.0,0.0,0.0,0.0,0.0,0.0,0.0,0.3448275862068966,2.5000000000000004,Lineage_other,0.0,,,,,,,,,,,,,,
2025-03-23,44,118,107.333333333333,0.14,0.14,42.0,33.0,78,0.0,0,0,0,0,0,0.0,0,0,0.0,0.0,0.0,0.0,0.0,0.0,0,0.0,0.0,0.0,21.43,0.0,3.57,14.29,7.14,42.86,10.71,0.0,0.008547008547008517,0.0,Lineage_LP.8.1,42.86,inf,,,,,,,,,,,,,
2025-03-30,35,103,112.666666666667,0.18,0.14,44.0,42.0,79,3.335,0,0,0,0,0,0.0,0,0,0.0,0.0,0.0,0.0,0.0,0.0,0,0.0,0.0,0.0,20.715,0.0,5.12,15.48,5.235,43.095,5.355,1.665,-0.1271186440677966,0.2857142857142856,Lineage_LP.8.1,43.095,0.00548296780214641,,,,,,,,,,,,,
2025-04-06,40,103,108.0,0.08,0.18,35.0,44.0,80,3.335,0,0,0,0,0,0.0,0,0,0.0,0.0,0.0,0.0,0.0,0.0,0,0.0,0.0,0.0,20.715,0.0,5.12,15.48,5.235,43.095,5.355,1.665,0.0,-0.5555555555555556,Lineage_LP.8.1,43.095,0.0,,,,,,,,,,,,,
2025-04-13,37,130,112.0,0.06,0.08,40.0,35.0,81,3.335,0,0,0,0,0,0.0,0,0,0.0,0.0,0.0,0.0,0.0,0.0,0,0.0,0.0,0.0,20.715,0.0,5.12,15.48,5.235,43.095,5.355,1.665,0.2621359223300972,-0.25,Lineage_LP.8.1,43.095,0.0,,,,,,,,,,,,,
2025-04-20,39,132,121.666666666667,0.05,0.06,37.0,40.0,82,6.67,0,0,0,0,0,0.0,0,0,0.0,0.0,0.0,0.0,0.0,0.0,0,0.0,0.0,0.0,20.0,0.0,6.67,16.67,3.33,43.33,0.0,3.33,0.01538461538461533,-0.16666666666666663,Lineage_LP.8.1,43.33,0.005453068801485106,,,,,,,,,,,,,
2025-04-27,37,114,125.333333333333,0.07,0.05,39.0,37.0,83,0.0,0,0,0,0,0,0.0,0,0,0.0,0.0,0.0,0.0,0.0,0.0,0,0.0,0.0,0.0,0.0,0.0,0.0,0.0,0.0,0.0,0.0,0.0,-0.13636363636363635,0.40000000000000013,Lineage_other,0.0,-1.0,,,,,,,,,,,,,
2025-05-04,26,129,125.0,0.07,0.07,37.0,39.0,84,0.0,0,0,0,0,0,0.0,0,0,0.0,0.0,0.0,0.0,0.0,0.0,0,0.0,0.0,0.0,0.0,0.0,0.0,0.0,0.0,0.0,0.0,0.0,0.13157894736842102,0.0,Lineage_other,0.0,,,,,,,,,,,,,,
2025-05-11,41,140,127.666666666667,0.07,0.07,26.0,37.0,85,0.0,0,0,0,0,0,0.0,0,0,0.0,0.0,0.0,0.0,0.0,0.0,0,0.0,0.0,0.0,0.0,0.0,0.0,0.0,0.0,0.0,0.0,0.0,0.0852713178294573,0.0,Lineage_other,0.0,,,,,,,,,,,,,,
2025-05-18,38,211,160.0,0.11,0.07,41.0,26.0,86,6.9,0,0,0,0,0,0.0,0,0,0.0,0.0,0.0,0.0,0.0,0.0,0,0.0,0.0,0.0,10.34,0.0,3.45,3.45,27.59,27.59,20.69,0.0,0.5071428571428571,0.5714285714285714,Lineage_NB.1.8.1,27.59,inf,,,,,,,,,,,,,
2025-05-25,46,293,214.666666666667,0.13,0.11,38.0,41.0,87,11.56,0,0,0,0,0,0.0,0,0,0.0,0.0,0.0,0.0,0.0,0.0,0,0.0,0.0,0.0,14.63,0.0,1.725,3.075,24.605,21.905,22.505,0.0,0.3886255924170616,0.18181818181818188,Lineage_NB.1.8.1,24.605,-0.10819137368611809,,,,,,,,,,,,,
2025-06-01,42,276,260.0,0.21,0.13,46.0,38.0,88,10.27,0,0,0,0,0,0.0,0,0,0.0,0.0,0.0,0.0,0.0,0.0,0,0.0,0.0,0.0,14.88,0.0,1.15,2.69,25.3766666666667,22.9366666666667,22.6966666666667,0.0,-0.058020477815699634,0.6153846153846152,Lineage_NB.1.8.1,25.3766666666667,0.03136218925692735,,,,,,,,,,,,,
2025-06-08,46,252,273.666666666667,0.25,0.21,42.0,46.0,89,9.935,0,0,0,0,0,0.0,0,0,0.0,0.0,0.0,0.0,0.0,0.0,0,0.0,0.0,0.0,15.625,0.0,1.31,2.0175,22.605,21.22,27.29,0.0,-0.08695652173913049,0.19047619047619047,Lineage_XFG,27.29,0.202379203994711,,,,,,,,,,,,,
2025-06-15,56,242,256.666666666667,0.24,0.25,46.0,42.0,90,12.1,0,0,0,0,0,0.0,0,0,0.0,0.0,0.0,0.0,0.0,0.0,0,0.0,0.0,0.0,14.7075,0.0,0.4475,1.71,19.04,18.2125,33.785,0.0,-0.03968253968253965,-0.040000000000000036,Lineage_XFG,33.785,0.2379992671308171,,,,,,,,,,,,,
2025-06-22,47,191,228.333333333333,0.2,0.24,56.0,46.0,91,10.7266666666667,0,0,0,0,0,0.0,0,0,0.0,0.0,0.0,0.0,0.0,0.0,0,0.0,0.0,0.0,13.3033333333333,0.0,0.596666666666667,1.38,18.18,18.8766666666667,36.94,0.0,-0.21074380165289253,-0.16666666666666663,Lineage_XFG,36.94,0.09338463815302656,,,,,,,,,,,,,
2025-06-29,38,165,199.333333333333,0.13,0.2,47.0,56.0,92,12.245,0,0,0,0,0,0.0,0,0,0.0,0.0,0.0,0.0,0.0,0.0,0,0.0,0.0,0.0,12.265,0.0,0.895,1.11,13.81,15.815,43.87,0.0,-0.1361256544502618,-0.35,Lineage_XFG,43.87,0.18760151597184627,,,,,,,,,,,,,
2025-07-06,47,195,183.666666666667,0.21,0.13,38.0,47.0,93,15.56,0,0,0,0,0,0.0,0,0,0.0,0.0,0.0,0.0,0.0,0.0,0,0.0,0.0,0.0,6.67,0.0,0.0,2.22,13.33,15.56,46.67,0.0,0.18181818181818188,0.6153846153846152,Lineage_XFG,46.67,0.06382493731479388,63.78,50.49,46.78,29.597000312434915,58.402999687565085,20.631082502990004,61.368917497009996,13.053272759738604,62.946727240261396,significantly increasing,increasing,decreasing,"Based on the recent trend of increasing wastewater change and positivity rate along with a consistent presence in cases over time, there is an indication that outbreak risk has been significantly increasing. The forecast for upcoming weeks shows continued growth. | partial_fields_filled_with_mock"
2025-07-13,55,205,188.333333333333,0.18,0.21,47.0,38.0,94,0.0,0,0,0,0,0,0.0,0,0,0.0,0.0,0.0,0.0,0.0,0.0,0,0.0,0.0,0.0,0.0,0.0,0.0,0.0,0.0,0.0,0.0,0.0,0.05128205128205132,-0.1428571428571429,Lineage_other,0.0,-1.0,63.0,70.0,85.0,35.80207155700586,63.03126177632747,32.8293882830326,71.33727838363407,31.16882954558871,78.33117045441129,increasing,significantly increasing,increasing,partial_llm_filled_with_mock
2025-07-20,32,238,212.666666666667,0.18,0.18,55.0,47.0,95,0.0,0,0,0,0,0,0.0,0,0,0.0,0.0,0.0,0.0,0.0,0.0,0,0.0,0.0,0.0,0.0,0.0,0.0,0.0,0.0,0.0,0.0,0.0,0.16097560975609748,0.0,Lineage_other,0.0,,36.0,40.0,50.0,21.20497032081033,60.79502967918967,11.005600560112025,66.99439943988797,2.714002858309634,71.28599714169036,stable,increasing,significantly increasing,partial_llm_filled_with_mock
2025-07-27,50,309,250.666666666667,0.21,0.18,32.0,55.0,96,8.51,0,0,0,0,0,0.0,0,0,0.0,0.0,0.0,0.0,0.0,0.0,0,0.0,0.0,0.0,6.38,0.0,0.0,0.0,10.64,4.26,70.21,0.0,0.2983193277310925,0.16666666666666674,Lineage_XFG,70.21,inf,68.0,70.0,65.0,27.596989924241136,66.40301007575886,20.56,75.44,15.393000729014801,82.6069992709852,increasing,stable,decreasing,"Based on the recent trend of cases and wastewater changes with a slight decrease in positivity rate last week but an overall increase over four weeks. The forecast for next three weeks shows fluctuating risk levels, starting increasing then stabilizing before decreasing. | partial_fields_filled_with_mock"
2025-08-03,76,319,288.666666666667,0.33,0.21,50.0,32.0,97,5.05,0,0,0,0,0,0.0,0,0,0.0,0.0,0.0,0.0,0.0,0.0,0,0.0,0.0,0.0,4.775,0.0,0.0,0.795,10.875,4.51,73.995,0.0,0.032362459546925626,0.5714285714285716,Lineage_XFG,73.995,0.05390969947300972,83.76,95.04,108.67,24.775443859953185,95.72455614004681,17.08140158758004,117.41859841241995,12.806266389484449,135.69373361051555,increasing,significantly increasing,increasing,partial_llm_filled_with_mock
2025-08-10,66,428,352.0,0.29,0.33,76.0,50.0,98,4.06,0,0,0,0,0,0.0,0,0,0.0,0.0,0.0,0.0,0.0,0.0,0,0.0,0.0,0.0,3.18333333333333,0.0,0.0,1.92,12.11,4.39666666666667,73.6366666666667,0.693333333333333,0.34169278996865193,-0.12121212121212133,Lineage_XFG,73.6366666666667,-0.004842669549743994,76.8,74.5,69.0,29.598030675653916,105.06863599101274,25.300889867922947,132.03244346541038,24.640538557910375,155.35946144208964,stable,decreasing,significantly decreasing,Based on the trend of increasing cases and positivity rates in the past weeks with a subsequent decrease observed recently. The forecast predicts continued decline. | partial_fields_filled_with_mock
2025-08-17,69,354,367.0,0.27,0.29,66.0,76.0,99,4.7125,0,0,0,0,0,0.0,0,0,0.0,0.0,0.0,0.0,0.0,0.0,0,0.0,0.0,0.0,2.805,0.0,0.0,1.44,11.5825,3.2975,75.645,0.52,-0.1728971962616822,-0.06896551724137923,Lineage_XFG,75.645,0.02727355031460732,73.6,75.4,76.8,50.03075885447659,93.13590781219007,47.43672353461123,108.39660979872211,46.91984596870782,121.58015403129218,stable,increasing,significantly increasing,"Based on the recent trend of wastewater change and positivity rate stabilization with a slight increase in cases over time, it is predicted that outbreak risk will remain stable to slightly increasing for the next three weeks. | partial_fields_filled_with_mock"
2025-08-24,83,464,415.333333333333,0.44,0.27,69.0,66.0,100,4.165,0,0,0,0,0,0.0,0,0,0.0,0.0,0.0,0.0,0.0,0.0,0,0.0,0.0,0.0,1.4725,0.0,0.0,1.44,11.8175,2.495,78.0925,0.52,0.31073446327683607,0.6296296296296295,Lineage_XFG,78.0925,0.0323550796483576,98.0,105.0,110.0,60.949373286804494,90.71729337986217,57.11756850704631,99.21576482628703,54.720224981586824,106.27977501841318,stable,increasing,stable,partial_llm_filled_with_mock
2025-08-31,96,532,450.0,0.42,0.44,83.0,69.0,101,3.7675,0,0,0,0,0,0.0,0,0,0.0,0.0,0.0,0.0,0.0,0.0,0,0.0,0.0,0.0,0.68,0.0,0.0,1.0425,10.62,2.095,81.28,0.52,0.14655172413793105,-0.045454545454545525,Lineage_XFG,81.28,0.040816979863623315,96.7,103.0,98.5,61.4122610762729,115.5877389237271,60.192152240043555,136.80784775995645,61.58265992194357,155.41734007805644,stable,increasing,stable,partial_llm_filled_with_mock
2025-09-07,115,431,475.666666666667,0.42,0.42,96.0,83.0,102,3.56,0,0,0,0,0,0.0,0,0,0.0,0.0,0.0,0.0,0.0,0.0,0,0.0,0.0,0.0,0.9925,0.0,0.0,0.0,8.5375,1.6775,84.925,0.3125,-0.18984962406015038,0.0,Lineage_XFG,84.925,0.04484498031496065,138.0,145.0,160.0,67.72955038214758,144.43711628451908,67.17622664878579,175.65710668454756,70.3192992660773,203.18070073392272,increasing,increasing,significantly increasing,partial_llm_filled_with_mock
2025-09-14,162,395,452.666666666667,0.8,0.42,115.0,96.0,103,2.4925,0,0,0,0,0,0.0,0,0,0.0,0.0,0.0,0.0,0.0,0.0,0,0.0,0.0,0.0,1.025,0.0,0.0,0.0,7.835,2.1275,86.215,0.3125,-0.08352668213457082,0.9047619047619049,Lineage_XFG,86.215,0.0151898734177216,183.6,207.5,241.8,72.53130779820152,208.13535886846518,70.78012259851633,262.55321073481696,75.56344691706931,310.4365530829307,significantly increasing,increasing,significantly increasing,partial_llm_filled_with_mock
2025-09-21,209,414,413.333333333333,1.08,0.8,162.0,115.0,104,2.255,0,0,0,0,0,0.0,0,0,0.0,0.0,0.0,0.0,0.0,0.0,0,0.0,0.0,0.0,0.93,0.0,0.0,0.0,7.12,2.3675,87.02,0.3125,0.048101265822784844,0.3500000000000001,Lineage_XFG,87.02,0.009337122310502766,230.0,250.0,270.0,83.96536291179324,282.36797042154006,80.54150415809826,361.12516250856834,86.67830171948597,430.32169828051406,significantly increasing,increasing,significantly increasing,partial_llm_filled_with_mock
2025-09-28,237,729,512.666666666667,1.27,1.08,209.0,162.0,105,3.98,0,0,0,0,0,0.0,0,0,0.0,0.0,0.0,0.0,0.0,0.0,0,0.0,0.0,0.0,1.0725,0.0,0.0,0.0,7.265,2.0075,85.365,0.3125,0.7608695652173914,0.17592592592592582,Lineage_XFG,85.365,-0.019018616410020672,263.7,295.8,327.6,116.25181385610705,326.58151947722627,113.35777220366961,410.80889446299705,120.59913176160813,484.90086823839187,significantly increasing,increasing,significantly increasing,partial_llm_filled_with_mock
2025-10-05,260,656,599.666666666667,1.53,1.27,237.0,209.0,106,4.1925,0,0,0,0,0,0.0,0,0,0.0,0.0,0.0,0.0,0.0,0.0,0,0.0,0.0,0.0,0.935,0.0,0.175,0.0,8.675,1.5575,84.295,0.175,-0.10013717421124824,0.20472440944881898,Lineage_XFG,84.295,-0.012534411058396255,367.89,405.23,461.78,166.98966301188165,332.34367032145167,165.4103934683664,399.2562731983002,171.79922905235463,458.20077094764537,significantly increasing,increasing,significantly increasing,partial_llm_filled_with_mock
2025-10-12,256,585,656.666666666667,0.97,1.53,260.0,237.0,107,4.155,0,0,0,0,0,0.0,0,0,0.0,0.0,0.0,0.0,0.0,0.0,0,0.0,0.0,0.0,0.625,0.0,0.175,0.0,8.4225,1.1075,85.34,0.175,-0.10823170731707321,-0.36601307189542487,Lineage_XFG,85.34,0.012396939320244327,263.8,270.5,281.4,210.55014919035483,301.78318414297854,207.32183565010376,336.34483101656286,208.48987406667422,366.51012593332575,increasing,increasing,significantly increasing,partial_llm_filled_with_mock
2025-10-19,199,865,702.0,0.92,0.97,256.0,260.0,108,3.745,0,0,0,0,0,0.0,0,0,0.0,0.0,0.0,0.0,0.0,0.0,0,0.0,0.0,0.0,0.645,0.0,0.175,0.1875,9.7875,0.7925,84.31,0.3625,0.4786324786324787,-0.05154639175257725,Lineage_XFG,84.31,-0.012069369580501532,237.6,250.4,261.8,170.71060302198157,279.9560636446851,135.41846064650503,289.9148726868283,105.3906558526062,294.6093441473938,stable,increasing,significantly increasing,partial_llm_filled_with_mock
2025-10-26,163,639,696.333333333333,0.53,0.92,199.0,256.0,109,3.915,0,0,0,0,0,0.0,0,0,0.0,0.0,0.0,0.0,0.0,0.0,0,0.0,0.0,0.0,0.8825,0.0,0.175,0.1875,10.335,0.3625,83.4075,0.7425,-0.261271676300578,-0.42391304347826086,Lineage_XFG,83.4075,-0.01070454275886612,138.0,145.0,140.0,95.33904554970643,278.9942877836269,24.96946614927012,284.6972005173965,0.0,281.55010531275985,stable,decreasing,stable,partial_llm_filled_with_mock
2025-11-02,130,519,674.333333333333,0.47,0.53,163.0,199.0,110,3.88,0,0,0,0,0,0.0,0,0,0.0,0.0,0.0,0.0,0.0,0.0,0,0.0,0.0,0.0,0.9525,0.0,0.0,0.1875,10.0575,0.1875,83.925,0.8125,-0.187793427230047,-0.1132075471698114,Lineage_XFG,83.925,0.0062044780145669165,98.0,75.0,60.0,39.26894495939237,250.73105504060763,0.0,252.5262920024435,0.0,244.13155926819385,decreasing,significantly decreasing,significantly decreasing,"Based on the trend of declining cases and wastewater signal over the past four weeks, it is predicted that outbreak risk will continue to decrease significantly in the coming three weeks. | partial_fields_filled_with_mock"
2025-11-09,121,442,533.333333333333,0.36,0.47,130.0,163.0,111,5.67,0,0,0,0,0,0.0,0,0,0.0,0.0,0.0,0.0,0.0,0.0,0,0.0,0.0,0.0,1.1075,0.0,0.0,0.1875,10.5725,0.775,79.4075,2.2825,-0.1483622350674374,-0.23404255319148937,Lineage_XFG,79.4075,-0.053827822460530195,98.0,75.0,60.0,57.78051029408665,196.71948970591336,3.0053054867592266,199.49469451324077,0.0,195.574685746525,decreasing,significantly decreasing,significantly decreasing,"Based on the trend of declining wastewater signal and positivity rate over the past four weeks along with a consistent decrease in reported cases, it is predicted that outbreak risk will continue to significantly decrease. | partial_fields_filled_with_mock"
2025-11-16,107,351,437.333333333333,0.43,0.36,121.0,130.0,112,5.725,0,0,0,0,0,0.0,0,0,0.0,0.0,0.0,0.0,0.0,0.0,0,0.0,0.0,0.0,1.5775,0.0,0.0,0.0,8.6725,0.9175,77.395,5.7125,-0.20588235294117652,0.19444444444444442,Lineage_XFG,77.395,-0.025343953656770446,98.0,90.0,74.25,64.94315751891341,158.22350914775325,26.957497478448403,158.8758358548849,0.0,155.0331541845204,decreasing,significantly decreasing,significantly decreasing,partial_llm_filled_with_mock
2025-11-23,130,407,400.0,0.33,0.43,107.0,121.0,113,4.95,0,0,0,0,0,0.0,0,0,0.0,0.0,0.0,0.0,0.0,0.0,0,0.0,0.0,0.0,1.57,0.0,0.0,0.0,9.7575,0.9175,73.7375,9.065,0.15954415954415957,-0.2325581395348837,Lineage_XFG,73.7375,-0.04725757477873249,98.0,95.0,122.0,100.70895023724758,143.29104976275244,91.88990866835505,152.11009133164495,85.12282006443552,158.87717993556447,decreasing,significantly decreasing,decreasing,partial_llm_filled_with_mock
2025-11-30,146,501,419.666666666667,0.46,0.33,130.0,107.0,114,5.43,0,0,0,0,0,0.0,0,0,0.0,0.0,0.0,0.0,0.0,0.0,0,0.0,0.0,0.0,1.81,0.0,0.0,0.0,10.7025,1.16,66.4925,14.4025,0.23095823095823098,0.39393939393939403,Lineage_XFG,66.4925,-0.09825394134599075,163.8,175.4,189.0,102.28668400250106,166.37998266416562,97.34586055438896,187.98747277894435,95.49357514665532,206.5064248533447,increasing,significantly increasing,increasing,partial_llm_filled_with_mock
2025-12-07,139,565,491.0,0.47,0.46,146.0,130.0,115,3.68,0,0,0,0,0,0.0,0,0,0.0,0.0,0.0,0.0,0.0,0.0,0,0.0,0.0,0.0,1.515,0.0,0.0,0.0,11.655,0.8725,59.4025,22.8725,0.12774451097804396,0.021739130434782483,Lineage_XFG,59.4025,-0.10662856713163138,163.7,180.5,209.4,107.88512022823724,174.44821310509607,104.7661189833565,198.90054768331018,104.85467061417725,220.14532938582275,increasing,significantly increasing,increasing,partial_llm_filled_with_mock
2025-12-14,121,410,492.0,0.26,0.47,139.0,146.0,116,3.49,0,0,0,0,0,0.0,0,0,0.0,0.0,0.0,0.0,0.0,0.0,0,0.0,0.0,0.0,1.655,0.0,0.0,0.0,13.7325,0.5425,50.6825,29.8925,-0.2743362831858407,-0.44680851063829785,Lineage_XFG,50.6825,-0.14679516855351216,130.0,135.0,140.0,109.70895023724758,152.29104976275244,97.88990866835505,158.11009133164495,88.12282006443552,161.87717993556447,stable,increasing,stable,"Based on the recent trend of cases and wastewater changes over the past four weeks, there is a slight increase in outbreak risk. However, given that positivity change has been decreasing for two consecutive weeks now after an initial spike, it suggests stabilization. | partial_fields_filled_with_mock"
2025-12-21,111,313,429.333333333333,0.2,0.26,121.0,139.0,117,2.37,0,0,0,0,0,0.0,0,0,0.0,0.0,0.0,0.0,0.0,0.0,0,0.0,0.0,0.0,2.0075,0.0,0.0,0.0,14.7225,0.5425,44.7725,35.58,-0.23658536585365852,-0.23076923076923073,Lineage_XFG,44.7725,-0.11660829674937101,108.0,95.0,80.0,86.04519346005186,149.1214732066148,61.315001525852324,150.51833180748102,39.62433936326262,148.8756606367374,decreasing,significantly decreasing,significantly decreasing,Based on the trend of wastewater change and positivity rate decrease over the past weeks along with a consistent decline in cases. The forecast predicts further reduction. | partial_fields_filled_with_mock
2026-01-04,114,447,390.0,0.29,0.2,111.0,121.0,118,3.0125,0,0,0,0,0,0.0,0,0,0.0,0.0,0.0,0.0,0.0,0.0,0,0.0,0.0,0.0,2.7325,0.0,0.0,0.0,15.115,0.7025,37.1475,41.2875,0.4281150159744409,0.44999999999999973,Lineage_BA.3.2,41.2875,0.16041315345699836,138.7,145.0,160.0,88.31235539133662,137.5209779419967,69.78758263491231,139.37908403175436,53.63408278588856,138.86591721411145,stable,increasing,significantly increasing,partial_llm_filled_with_mock
2026-01-11,89,289,349.666666666667,0.18,0.29,114.0,111.0,119,3.1925,0,0,0,0,0,0.0,0,0,0.0,0.0,0.0,0.0,0.0,0.0,0,0.0,0.0,0.0,2.7325,0.0,0.0,0.0,19.915,0.4025,34.5975,39.16,-0.3534675615212528,-0.3793103448275862,Lineage_BA.3.2,39.16,-0.05152891310929475,98.76,95.34,76.75,71.00150424690221,125.16516241976444,49.11717667876561,125.71615665456773,29.84289606040467,123.65710393959533,decreasing,stable,decreasing,partial_llm_filled_with_mock
